可燃性固体として正しくないものは？, ポリスチレン, セルロイド, 硝酸, 石綿, 木材, 3
危険物の事故時に通報すべき組織は？, 消防署, 郵便局, 保健所, 図書館, 教育委員会, 1
酸化性物質の例として正しいものは？, エタノール, 塩酸, 酸素ガス, ブチルアルコール, トルエン, 3
危険物取締法の目的として不適切なものは？, 事故防止, 安全確保, 環境保護, 販売促進, 健康保護, 4
水と反応して発熱する物質として認識されるものは？, 塩, シリカゲル, 酸化カルシウム, 砂糖, ポリエチレン, 3
可燃ガスの代表例として正しいものは？, 窒素, ヘリウム, 酸素, プロパン, 水素化カリウム, 4
危険物のラベルに記載されている情報として不適切なものは？, 種類, 容量, 製造者名, 価格, 保管方法, 4
乙種試験の範囲に含まれないものは？, 石油, ガソリン, 酸, 石鹸, 有機溶剤, 4
危険物の取扱いにおいて重要視されるのは？, 安価さ, 色の鮮やかさ, 安全性, 味の良さ, 販売促進, 3
消火器の種類の中で、油火に使用すると危険なものは？, 水系, 粉末系, ガス系, フォーム系, 全て使用可能, 1
可燃性液体の蒸気が空気と混ざり爆発する可能性が生じる範囲を示す用語は？, 爆発限界, 反応速度, 分子量, 融点, 沸点, 1
危険物の中で、毒性を持つものとして不適切な例は？, シアン, 一酸化炭素, 桜の花, 塩酸, フォーマルデヒド, 3
溶剤の中で、揮発性が強く火災の原因となりやすいものは？, 水, グリセリン, アセトン, グルコース, 塩, 3
有機物質が酸化する際に放出されるガスは？, 窒素, 酸素, 炭酸ガス, ヘリウム, 水蒸気, 3
ガソリンの蒸気と空気が混じり爆発する最低の濃度を示す用語は？, 下限爆発限界, 分子構造, 溶解度, 蒸気圧, 等温変化, 1
乙種試験で試験される内容として適切でないものは？, 危険物の性質, 取扱い方法, 価格交渉, 事故時の対応, 法令に基づく知識, 3
一般的に「引火点」とは何を指すか？, 沸騰する点, 点火しない最高温度, 点火する最低温度, 凍結する点, 融解する点, 3
危険物取締法での「毒物」とは何か？, 人体に対して有害な物質, 植物にのみ有害な物質, 味が苦い物質, 魚に有害な物質, 色が赤い物質, 1
ガスボンベの保管時に適切でない行動は？, 直射日光を避ける, 高温の場所に置く, 換気の良い場所に置く, 立てて保管する, 子供の手の届かない場所に置く, 2
可燃性のガスを安全に使用するための方法として不適切なものは？, ガスのにおいがしたら確認する, ガス器具の点検を定期的に行う, ガス使用中に窓を全て閉める, ガスボンベや器具の接続部分の漏れをチェックする, ガス器具の取扱説明書を守る, 3
水と接触すると発火する危険性を持つ物質は？, 塩, 水酸化カリウム, シリカゲル, アスピリン, ジェル状化剤, 2
非水溶性の有機溶剤の火災時に使用すべき消火剤は？, 水, CO2, 発泡剤, 砂, 消火毯, 2
ガソリンの蒸気は、どの方向に広がりやすい？, 上昇, 下降, 右, 左, 前方, 2
爆発の原因となるガスのうち、一番軽いものは？, プロパン, メタン, 炭酸ガス, アセチレン, 一酸化炭素, 2
危険物を取り扱う際の基本中の基本は？, 早く作業を終わらせること, 美しく配置すること, 安全第一, 良い匂いを放つこと, 静かに作業すること, 3
液体酸素の取扱い中に禁止されている行動は？, 冷やす, 保温する, 煙草を吸う, 電話を使う, 話すこと, 3
危険物を運搬する際の注意点として適切でないものは？, しっかりと蓋を閉める, 衝撃に強い容器を選ぶ, 高速で運ぶ, 正確なラベリングをする, 露出を避けるための包装をする, 3
危険物の表示に関する法律として正しいものは？, 消費税法, 交通法, 表示法, 危険物取締法, 公害対策基本法, 4
危険物の分類に関連しないものは？, 毒性, 酸化性, 引火性, 反射性, 爆発性, 4
電気的な原因での火災を防ぐための方法として不適切なものは？, 適切な容量のヒューズを使用する, 配線を適切に整理する, 水をかけて冷やす, 乾燥した場所で電気機器を使用する, 過負荷にならないようにする, 3
ガスが漏れた場合の最初の行動は？, 窓を全て閉じる, 消防署に通報する, ガスの元栓を閉める, 煙草を吸う, ガスのにおいを嗅ぐ, 3
酸を目に入れた時の対応として適切なものは？, 目をこする, 水で十分に洗浄する, オイルで洗浄する, そのままにする, 眼鏡をかける, 2
可燃性の高いガスとして正しくないものは？, ヘリウム, メタン, プロパン, ブタン, アセチレン, 1
高温時に爆発する危険性がある物質として正しいものは？, 二酸化炭素, 水, アセトン, 酸素, 塩, 3
液体窒素の取扱いに際して注意すべき点として不適切なものは？, 密閉容器に保管する, 通気性の良い場所で取り扱う, 保冷剤としての使用, 直接肌に触れないようにする, 低温やけどのリスクを認識する, 1
水と接触すると発火する危険性を持つ物質は？, 塩, 水酸化カリウム, シリカゲル, アスピリン, ジェル状化剤, 2
非水溶性の有機溶剤の火災時に使用すべき消火剤は？, 水, CO2, 発泡剤, 砂, 消火毯, 2
ガソリンの蒸気は、どの方向に広がりやすい？, 上昇, 下降, 右, 左, 前方, 2
爆発の原因となるガスのうち、一番軽いものは？, プロパン, メタン, 炭酸ガス, アセチレン, 一酸化炭素, 2
危険物を取り扱う際の基本中の基本は？, 早く作業を終わらせること, 美しく配置すること, 安全第一, 良い匂いを放つこと, 静かに作業すること, 3
液体酸素の取扱い中に禁止されている行動は？, 冷やす, 保温する, 煙草を吸う, 電話を使う, 話すこと, 3
危険物を運搬する際の注意点として適切でないものは？, しっかりと蓋を閉める, 衝撃に強い容器を選ぶ, 高速で運ぶ, 正確なラベリングをする, 露出を避けるための包装をする, 3
危険物の表示に関する法律として正しいものは？, 消費税法, 交通法, 表示法, 危険物取締法, 公害対策基本法, 4
危険物の分類に関連しないものは？, 毒性, 酸化性, 引火性, 反射性, 爆発性, 4
電気的な原因での火災を防ぐための方法として不適切なものは？, 適切な容量のヒューズを使用する, 配線を適切に整理する, 水をかけて冷やす, 乾燥した場所で電気機器を使用する, 過負荷にならないようにする, 3
ガスが漏れた場合の最初の行動は？, 窓を全て閉じる, 消防署に通報する, ガスの元栓を閉める, 煙草を吸う, ガスのにおいを嗅ぐ, 3
酸を目に入れた時の対応として適切なものは？, 目をこする, 水で十分に洗浄する, オイルで洗浄する, そのままにする, 眼鏡をかける, 2
可燃性の高いガスとして正しくないものは？, ヘリウム, メタン, プロパン, ブタン, アセチレン, 1
高温時に爆発する危険性がある物質として正しいものは？, 二酸化炭素, 水, アセトン, 酸素, 塩, 3
液体窒素の取扱いに際して注意すべき点として不適切なものは？, 密閉容器に保管する, 通気性の良い場所で取り扱う, 保冷剤としての使用, 直接肌に触れないようにする, 低温やけどのリスクを認識する, 1


"ジエチルエーテルの比重はいくつですか？","0.5","0.7","1.0","1.2","2.5","2"
"ジエチルエーテルの引火点はどの温度ですか？","-20℃","-45℃","0℃","25℃","160℃","2"
"ジエチルエーテルの燃焼範囲の下限はどれくらいですか？","0.5％","1.0％","1.9％","48％","2.5％","3"
"ジエチルエーテルの蒸気比重はいくつですか？","0.7","1.0","2.0","2.5","3.0","4"
"ジエチルエーテルは水にどの程度溶けますか？","全く溶けない","完全に溶ける","少量溶ける","油にのみ溶ける","アルコールにのみ溶ける","3"
"ジエチルエーテルの主な毒性は何ですか？","強い","中程度","弱い","毒性はない","情報が不足している","5"
"ジエチルエーテルの発火点はどの温度ですか？","-45℃","0℃","25℃","160℃","250℃","4"
"第4類危険物の特殊引火物の一つであるジエチルエーテルは、どのような臭いがしますか？","甘い","酸っぱい","特有の","なし","焦げた","3"
"ジエチルエーテルは以下のうちどの溶剤によく溶けますか？","水","塩酸","アルコール","硫酸","塩化ナトリウム溶液","3"
"ジエチルエーテルの取り扱いにおいて最も注意すべき性質は何ですか？","比重","引火点","水溶性","毒性","色","2"

"アセトアルデヒドの比重はいくつですか？","0.6","0.7","0.8","0.9","1.0","3"
"アセトアルデヒドの引火点はどの温度ですか？","-50℃","-39℃","-20℃","0℃","25℃","2"
"アセトアルデヒドの発火点はどの温度ですか？","100℃","150℃","175℃","200℃","225℃","3"
"アセトアルデヒドの燃焼範囲はどれですか？","2.0〜50％","3.0〜55％","4.0〜60％","5.0〜65％","6.0〜70％","3"
"アセトアルデヒドの蒸気比重はいくつですか？","1.0","1.2","1.5","1.8","2.0","3"
"アセトアルデヒドは水にどの程度溶けますか？","全く溶けない","少量溶ける","よく溶ける","油にのみ溶ける","アルコールにのみ溶ける","3"
"アセトアルデヒドの主な毒性は何ですか？","強い","中程度","弱い","毒性はない","情報が不足している","2"
"アセトアルデヒドは以下のうちどの溶剤によく溶けますか？","エーテル","塩酸","アルコール","硫酸","塩化ナトリウム溶液","3"
"アセトアルデヒドの沸点はどの温度ですか？","15℃","21℃","30℃","45℃","60℃","2"
"アセトアルデヒドを取り扱う際に最も注意すべき性質は何ですか？","比重","引火点","燃焼範囲","毒性","沸点","3"

"酸化プロピレンの比重はいくつですか？","0.75","0.83","0.90","1.0","1.1","2"
"酸化プロピレンの引火点はどの温度ですか？","-50℃","-37℃","0℃","20℃","100℃","2"
"酸化プロピレンの発火点はどの温度ですか？","200℃","300℃","465℃","500℃","600℃","3"
"酸化プロピレンの燃焼範囲はどれですか？","1.0〜25％","2.0〜30％","2.8〜37％","3.0〜40％","4.0〜50％","3"
"酸化プロピレンの蒸気比重はいくつですか？","1.0","1.5","2.0","2.5","3.0","3"
"酸化プロピレンは水にどの程度溶けますか？","全く溶けない","少量溶ける","よく溶ける","油にのみ溶ける","アルコールにのみ溶ける","3"
"酸化プロピレンの毒性について正しい記述はどれですか？","無毒","少量なら安全","吸入すると有害","食品添加物として安全","動植物に有益","3"
"酸化プロピレンは以下のうちどの溶剤によく溶けますか？","水","塩酸","エーテル","硫酸","塩化ナトリウム溶液","3"
"酸化プロピレンの取り扱いにおいて最も注意すべき性質は何ですか？","引火点","発火点","吸入すると有害","凍傷の症状がでる","無色透明であること","4"
"特殊引火物である酸化プロピレンの性質として正しくないものはどれですか？","無色透明の液体である","水やエーテルに溶けやすい","発火点が低い","吸入すると有害","皮膚に付着すると凍傷の症状がでる","3"

"二硫化炭素の比重はいくつですか？","1.1","1.2","1.3","1.4","1.5","3"
"二硫化炭素の引火点はどの温度ですか？","-40℃","-30℃","0℃","20℃","100℃","2"
"二硫化炭素の発火点はどの温度ですか？","50℃","70℃","90℃","110℃","130℃","3"
"二硫化炭素の燃焼範囲はどれですか？","0.5〜25％","0.7〜35％","1.0〜45％","1.3〜50％","1.5〜55％","4"
"二硫化炭素の蒸気比重はいくつですか？","2.0","2.2","2.4","2.6","2.8","4"
"二硫化炭素は水にどの程度溶けますか？","全く溶けない","少量溶ける","よく溶ける","油にのみ溶ける","アルコールにのみ溶ける","1"
"二硫化炭素の毒性について正しい記述はどれですか？","無毒","少量なら安全","吸入すると有害","食品添加物として安全","動植物に有益","3"
"二硫化炭素は以下のうちどの溶剤によく溶けますか？","水","塩酸","エーテル","硫酸","塩化ナトリウム溶液","3"
"二硫化炭素の取り扱いにおいて最も注意すべき性質は何ですか？","引火点が低い","発火点が低い","毒性がある","無色透明であること","特有の臭いがあること","3"
"特殊引火物である二硫化炭素の性質として正しくないものはどれですか？","無色透明の液体である","水に溶けやすい","発火点が低い","揮発性で蒸気は有毒","アルコールに溶ける","2"

"ガソリンの比重の範囲はどれですか？","0.5〜0.7","0.65〜0.8","0.75〜0.9","0.8〜1.0","0.85〜1.05","2"
"ガソリンの引火点はどの温度ですか？","-50℃","-40℃","-30℃","-20℃","-10℃","2"
"ガソリンの発火点はどの温度ですか？","250℃","275℃","300℃","325℃","350℃","3"
"ガソリンの燃焼範囲はどれですか？","0.5〜5.0％","1.0〜6.0％","1.4〜7.6％","2.0〜8.0％","2.5〜10.0％","3"
"ガソリンの蒸気比重の範囲はどれですか？","2〜3","3〜4","4〜5","5〜6","6〜7","2"
"ガソリンは水にどの程度溶けますか？","全く溶けない","少量溶ける","よく溶ける","油にのみ溶ける","アルコールにのみ溶ける","1"
"ガソリンの特徴として正しいものはどれですか？","無色かつ無臭の液体","水によく溶ける","引火しにくい","静電気が発生しやすい","食品添加物として使用される","4"
"自動車ガソリンが通常着色される色は何色ですか？","黄色","緑色","青色","赤色","オレンジ色","5"
"ガソリンの取り扱いにおいて最も注意すべき性質は何ですか？","引火点が高い","燃焼範囲が狭い","毒性がある","極めて引火しやすい","特有の臭いがあること","4"
"第４類（乙４）危険物であるガソリンの性質として正しくないものはどれですか？","無色の液体である","水に溶けやすい","引火しやすい","静電気を帯びやすい","オレンジ色に着色される","2"

"ベンゼンの比重はいくつですか？","0.84","0.86","0.88","0.90","0.92","3"
"ベンゼンの引火点はどの温度ですか？","-15℃","-12℃","-11℃","-9℃","-7℃","3"
"ベンゼンの発火点はどの温度ですか？","450℃","475℃","498℃","520℃","540℃","3"
"ベンゼンの燃焼範囲はどれですか？","1.0〜6.0％","1.2〜7.0％","1.3〜7.1％","1.5〜7.5％","1.8〜8.0％","3"
"ベンゼンの蒸気比重はいくつですか？","2.5","2.6","2.7","2.8","2.9","3"
"ベンゼンは水にどの程度溶けますか？","全く溶けない","少量溶ける","よく溶ける","油にのみ溶ける","アルコールにのみ溶ける","1"
"ベンゼンの特徴として正しいものはどれですか？","無色かつ無臭の液体","水によく溶ける","毒性がない","毒性が強い","揮発性がない","4"
"ベンゼンは以下の溶剤にどの程度溶けますか？","水にのみ溶ける","アルコールによく溶ける","アルコールに溶けない","水とアルコールの両方に溶けない","油にのみ溶ける","2"
"ベンゼンの取り扱いにおいて最も注意すべき性質は何ですか？","引火点が高い","燃焼範囲が狭い","毒性がある","極めて引火しにくい","特有の臭いがあること","3"
"ベンゼンに関する誤った記述はどれですか？","無色の液体である","水に溶けやすい","引火しやすい","毒性が強い","アルコールによく溶ける","2"

"トルエンの比重はいくつですか？","0.85","0.86","0.87","0.88","0.89","3"
"トルエンの引火点はどの温度ですか？","2℃","3℃","4℃","5℃","6℃","3"
"トルエンの発火点はどの温度ですか？","450℃","465℃","480℃","495℃","510℃","3"
"トルエンの燃焼範囲はどれですか？","1.0〜6.0％","1.1〜6.5％","1.2〜7.1％","1.3〜7.5％","1.4〜8.0％","3"
"トルエンの蒸気比重はいくつですか？","3.0","3.05","3.10","3.14","3.20","4"
"トルエンは水にどの程度溶けますか？","全く溶けない","少量溶ける","よく溶ける","油にのみ溶ける","アルコールにのみ溶ける","1"
"トルエンの特徴として正しいものはどれですか？","無色かつ無臭の液体","水によく溶ける","芳香がある","毒性がない","揮発性がない","3"
"トルエンは以下の溶剤にどの程度溶けますか？","水にのみ溶ける","アルコールによく溶ける","アルコールに溶けない","水とアルコールの両方に溶けない","油にのみ溶ける","2"
"トルエンの取り扱いにおいて最も注意すべき性質は何ですか？","引火点が高い","燃焼範囲が狭い","毒性がある","極めて引火しにくい","静電気を発生しやすい","5"
"トルエンに関する誤った記述はどれですか？","無色の液体である","水に溶けやすい","引火しやすい","芳香がある","アルコールによく溶ける","2"

"酢酸エチルの比重はいくつですか？","0.88","0.89","0.9","0.91","0.92","3"
"酢酸エチルの引火点はどの温度ですか？","-6℃","-5℃","-4℃","-3℃","-2℃","3"
"酢酸エチルの発火点はどの温度ですか？","400℃","413℃","426℃","439℃","452℃","3"
"酢酸エチルの燃焼範囲はどれですか？","1.8〜10.0％","1.9〜10.5％","2.0〜11.5％","2.1〜12.0％","2.2〜12.5％","3"
"酢酸エチルの蒸気比重はいくつですか？","2.8","2.9","3.0","3.1","3.2","3"
"酢酸エチルは水にどの程度溶けますか？","全く溶けない","少量溶ける","よく溶ける","油にのみ溶ける","アルコールにのみ溶ける","2"
"酢酸エチルの特徴として正しいものはどれですか？","無色で無臭の液体","水によく溶ける","特有の芳香がある","毒性がある","無色で臭いがする固体","3"
"酢酸エチルの安全に関して注意すべき点は何ですか？","高い発火点","低い引火点","燃焼範囲が狭い","毒性が強い","水に溶けやすい","2"
"酢酸エチルに関する誤った記述はどれですか？","無色透明の液体である","特有の芳香がある","引火点が-4℃である","水に溶けやすい","燃焼範囲が2.0〜11.5％である","4"

"メチルエチルケトンの比重はいくつですか？","0.79","0.8","0.81","0.82","0.83","2"
"メチルエチルケトンの引火点はどの温度ですか？","-10℃","-9℃","-8℃","-7℃","-6℃","2"
"メチルエチルケトンの発火点はどの温度ですか？","400℃","402℃","404℃","406℃","408℃","3"
"メチルエチルケトンの燃焼範囲はどれですか？","1.5〜11.0％","1.6〜11.2％","1.7〜11.4％","1.8〜11.6％","1.9〜11.8％","3"
"メチルエチルケトンの蒸気比重はいくつですか？","2.4","2.5","2.6","2.7","2.8","2"
"メチルエチルケトンは水にどの程度溶けますか？","全く溶けない","少量溶ける","よく溶ける","油にのみ溶ける","アルコールにのみ溶ける","2"
"メチルエチルケトンの特徴として正しいものはどれですか？","無色で無臭の液体","水に溶けやすい","特有の臭いがある","毒性がある","色があり臭いがする固体","3"
"メチルエチルケトンの安全に関して注意すべき点は何ですか？","高い発火点","低い引火点","燃焼範囲が狭い","毒性が強い","水に溶けやすい","2"
"メチルエチルケトンに関する誤った記述はどれですか？","無色透明の液体である","特有の臭いがある","引火点が-9℃である","水に溶けやすい","燃焼範囲が1.7〜11.4％である","4"

"アセトンの比重はいくつですか？","0.79","0.8","0.81","0.82","0.83","2"
"アセトンの引火点はどの温度ですか？","-21℃","-20℃","-19℃","-18℃","-17℃","2"
"アセトンの発火点はどの温度ですか？","460℃","462℃","465℃","468℃","470℃","3"
"アセトンの燃焼範囲はどれですか？","2.0〜12.5％","2.05〜12.75％","2.15〜13％","2.25〜13.25％","2.35〜13.5％","3"
"アセトンの蒸気比重はいくつですか？","1.9","2.0","2.1","2.2","2.3","2"
"アセトンの水溶性に関する記述はどれですか？","水に溶けない","少量しか溶けない","よく溶ける","油にのみ溶ける","アルコールにのみ溶ける","3"
"アセトンの特徴として正しいものはどれですか？","無色で無臭の液体","水に溶けにくい","特有の臭いがある","毒性がある","色があり臭いがする固体","3"
"アセトンの取り扱いに関して注意すべき点は何ですか？","高い発火点","低い引火点","燃焼範囲が狭い","毒性が強い","水に溶けやすい","2"
"アセトンに関する誤った記述はどれですか？","無色透明の液体である","特有の臭いがある","引火点が-20℃である","水に溶けにくい","燃焼範囲が2.15〜13％である","4"

"ピリジンの比重はいくつですか？","0.97","0.98","0.99","1.0","1.01","2"
"ピリジンの引火点はどの温度ですか？","19℃","20℃","21℃","22℃","23℃","2"
"ピリジンの発火点はどの温度ですか？","480℃","481℃","482℃","483℃","484℃","3"
"ピリジンの燃焼範囲はどれですか？","1.7〜12.3％","1.75〜12.35％","1.8〜12.4％","1.85〜12.45％","1.9〜12.5％","3"
"ピリジンの蒸気比重はいくつですか？","2.70","2.72","2.73","2.74","2.75","3"
"ピリジンの水溶性に関する記述はどれですか？","水に溶けない","少量しか溶けない","よく溶ける","油にのみ溶ける","アルコールにのみ溶ける","3"
"ピリジンの特徴として正しいものはどれですか？","色があり無臭の液体","水に溶けやすい","特有の芳香がない","毒性がない","高い引火点を持つ","2"
"ピリジンの取り扱いに関して注意すべき点は何ですか？","低い毒性","水に溶けにくい","燃焼範囲が広い","溶解力が小さい","低い引火点","5"
"ピリジンに関する誤った記述はどれですか？","無色透明の液体である","特有の芳香がある","引火点が20℃である","水に溶けやすい","燃焼範囲が1.7〜12.3％である","5"

"メチルアルコールの比重はいくつですか？","0.79","0.80","0.81","0.82","0.83","2"
"メチルアルコールの引火点はどの温度ですか？","10℃","11℃","12℃","13℃","14℃","2"
"メチルアルコールの発火点はどの温度ですか？","383℃","384℃","385℃","386℃","387℃","3"
"メチルアルコールの燃焼範囲はどれですか？","5.9〜35.9％","6.0〜36.0％","6.1〜36.1％","6.2〜36.2％","6.3〜36.3％","2"
"メチルアルコールの蒸気比重はいくつですか？","1.10","1.11","1.12","1.13","1.14","2"
"メチルアルコールは水に溶けますか？","溶けない","少量しか溶けない","よく溶ける","油にのみ溶ける","アルコールにのみ溶ける","3"
"メチルアルコールの特徴として正しいものはどれですか？","色があり無臭の液体","水に溶けやすい","特有の芳香がない","毒性がない","高い引火点を持つ","2"
"メチルアルコールの取り扱いに関して注意すべき点は何ですか？","低い毒性","水に溶けにくい","燃焼範囲が狭い","溶解力が小さい","高い毒性","5"
"メチルアルコールに関する誤った記述はどれですか？","無色透明の液体である","特有の芳香がある","引火点が11℃である","水によく溶ける","燃焼範囲が5.9〜35.9％である","5"

"エチルアルコールの比重はいくつですか？","0.78","0.79","0.80","0.81","0.82","2"
"エチルアルコールの引火点はどの温度ですか？","12℃","13℃","14℃","15℃","16℃","2"
"エチルアルコールの発火点はどの温度ですか？","361℃","362℃","363℃","364℃","365℃","3"
"エチルアルコールの燃焼範囲はどれですか？","3.2〜18.9％","3.3〜19.0％","3.4〜19.1％","3.5〜19.2％","3.6〜19.3％","2"
"エチルアルコールの蒸気比重はいくつですか？","1.5","1.6","1.7","1.8","1.9","2"
"エチルアルコールは水に溶けますか？","溶けない","少量しか溶けない","よく溶ける","油にのみ溶ける","アルコールにのみ溶ける","3"
"エチルアルコールの特徴として正しいものはどれですか？","色があり無臭の液体","水に溶けにくい","特有の芳香がない","麻酔性がある","高い引火点を持つ","4"
"エチルアルコールの取り扱いに関して注意すべき点は何ですか？","低い毒性","水に溶けにくい","燃焼範囲が狭い","溶解力が小さい","揮発性がある","5"
"エチルアルコールに関する誤った記述はどれですか？","無色透明の液体である","特有の芳香がある","引火点が13℃である","水によく溶ける","毒性がある","5"

"n-プロピルアルコールの比重はいくつですか？","0.79","0.80","0.81","0.82","0.83","2"
"n-プロピルアルコールの引火点はどの温度ですか？","22℃","23℃","24℃","25℃","26℃","2"
"n-プロピルアルコールの発火点はどの温度ですか？","410℃","411℃","412℃","413℃","414℃","3"
"n-プロピルアルコールの燃焼範囲はどれですか？","2.0〜13.6％","2.1〜13.7％","2.2〜13.8％","2.3〜13.9％","2.4〜14.0％","2"
"n-プロピルアルコールの蒸気比重はいくつですか？","2.0","2.1","2.2","2.3","2.4","2"
"n-プロピルアルコールは水に溶けますか？","溶けない","少量しか溶けない","よく溶ける","油にのみ溶ける","アルコールにのみ溶ける","3"
"n-プロピルアルコールの特徴として正しいものはどれですか？","色があり無臭の液体","水に溶けにくい","特有の芳香がない","ジエチルエーテルによく溶ける","非常に高い引火点を持つ","4"
"n-プロピルアルコールの取り扱いに関して注意すべき点は何ですか？","高い毒性","水に溶けにくい","燃焼範囲が狭い","溶解力が小さい","揮発性がある","5"
"n-プロピルアルコールに関する誤った記述はどれですか？","無色透明の液体である","特有の芳香がある","引火点が23℃である","水によく溶ける","毒性がある","5"

"イソプロピルアルコールの比重はいくつですか？","0.78","0.79","0.80","0.81","0.82","3"
"イソプロピルアルコールの引火点はどの温度ですか？","11℃","12℃","13℃","14℃","15℃","2"
"イソプロピルアルコールの発火点はどの温度ですか？","397℃","398℃","399℃","400℃","401℃","3"
"イソプロピルアルコールの燃焼範囲はどれですか？","1.9〜12.6％","2.0〜12.7％","2.1〜12.8％","2.2〜12.9％","2.3〜13.0％","2"
"イソプロピルアルコールの蒸気比重はいくつですか？","2.0","2.1","2.2","2.3","2.4","2"
"イソプロピルアルコールは水に溶けますか？","溶けない","少量しか溶けない","よく溶ける","油にのみ溶ける","アルコールにのみ溶ける","3"
"イソプロピルアルコールの特徴として正しいものはどれですか？","色があり無臭の液体","水に溶けにくい","特有の芳香がない","ジエチルエーテルによく溶ける","非常に高い引火点を持つ","4"
"イソプロピルアルコールの取り扱いに関して注意すべき点は何ですか？","高い毒性","水に溶けにくい","燃焼範囲が狭い","溶解力が小さい","揮発性がある","5"
"イソプロピルアルコールに関する誤った記述はどれですか？","無色透明の液体である","特有の芳香がある","引火点が12℃である","水によく溶ける","毒性がある","5"

"灯油の比重の範囲はどれですか？","0.78〜0.84","0.79〜0.85","0.80〜0.86","0.81〜0.87","0.82〜0.88","2"
"灯油の引火点の範囲はどれですか？","39〜59℃","40〜60℃","41〜61℃","42〜62℃","43〜63℃","2"
"灯油の発火点はどの温度ですか？","254℃","255℃","256℃","257℃","258℃","2"
"灯油の燃焼範囲はどれですか？","1.0〜5.9％","1.1〜6.0％","1.2〜6.1％","1.3〜6.2％","1.4〜6.3％","2"
"灯油の蒸気比重はいくつですか？","4.4","4.5","4.6","4.7","4.8","2"
"灯油は水に溶けますか？","溶ける","少量しか溶けない","よく溶ける","溶けない","特別な条件下でのみ溶ける","4"
"灯油の使用に関する正しい記述はどれですか？","飲料水の処理に使用される","自動車の燃料として使われる","石油ストーブの燃料として使用される","食品の添加物として使用される","医薬品の成分として使用される","3"
"灯油を取り扱う際に注意すべき点はどれですか？","無臭であるため気づきにくい","水によく溶けるため拡散しやすい","特有の臭いがあり揮発性が高い","静電気によって引火する危険性がある","密閉された容器では腐食を起こしやすい","4"
"灯油に関する誤った記述はどれですか？","水に溶ける","石油ストーブの燃料として使用される","特有の臭いがある","蒸気比重が4.5","布に染み込むと引火しやすくなる","1"

"軽油の比重の範囲はどれですか？","0.82〜0.89","0.83〜0.90","0.84〜0.91","0.85〜0.92","0.86〜0.93","2"
"軽油の引火点の範囲はどれですか？","44〜69℃","45〜70℃","46〜71℃","47〜72℃","48〜73℃","2"
"軽油の発火点はどの温度ですか？","249℃","250℃","251℃","252℃","253℃","2"
"軽油の燃焼範囲はどれですか？","0.9〜5.9％","1.0〜6.0％","1.1〜6.1％","1.2〜6.2％","1.3〜6.3％","2"
"軽油の蒸気比重はいくつですか？","4.4","4.5","4.6","4.7","4.8","2"
"軽油は水に溶けますか？","溶ける","少量しか溶けない","よく溶ける","溶けない","特別な条件下でのみ溶ける","4"
"軽油の使用に関する正しい記述はどれですか？","自動車のガソリンとして使われる","ディーゼルエンジン車の燃料として使用される","石油ストーブの燃料として使用される","医薬品の成分として使用される","食品の添加物として使用される","2"
"軽油を取り扱う際に注意すべき点はどれですか？","引火点が非常に高い","燃焼範囲の下限値が小さい","水によく溶けるため拡散しやすい","蒸気比重が小さいため、空気より軽くて上昇しやすい","非常に毒性が強い","2"
"軽油に関する誤った記述はどれですか？","ディーゼルエンジン車の燃料として使用される","燃焼範囲の下限値が大きい","水に溶けない","蒸気比重が4.5","特有の臭いがない","5"

"クロロベンゼンの比重はいくつですか？","1.10","1.11","1.12","1.13","1.14","2"
"クロロベンゼンの引火点はどの温度ですか？","29.3℃","29.4℃","29.5℃","29.6℃","29.7℃","2"
"クロロベンゼンの発火点はどの温度ですか？","592℃","593℃","594℃","595℃","596℃","2"
"クロロベンゼンの燃焼範囲はどれですか？","1.2〜9.5％","1.3〜9.6％","1.4〜9.7％","1.5〜9.8％","1.6〜9.9％","2"
"クロロベンゼンの蒸気比重はいくつですか？","3.87","3.88","3.89","3.90","3.91","2"
"クロロベンゼンは水に溶けますか？","溶ける","少量しか溶けない","よく溶ける","溶けない","特別な条件下でのみ溶ける","4"
"クロロベンゼンの使用に関する正しい記述はどれですか？","染料や医薬品の原料として使われる","飲料水の消毒剤として使用される","食品の保存料として使用される","石油ストーブの燃料として使用される","冷却媒体として使用される","1"
"クロロベンゼンを取り扱う際に注意すべき点はどれですか？","比重が1より小さいため水面に浮く","特有の臭いがないため漏れに気づきにくい","水に溶けないため水での洗い流しは困難","燃焼範囲の下限値が高いため燃えにくい","毒性がある","3"
"クロロベンゼンに関する誤った記述はどれですか？","無色透明の液体である","特有の臭いがある","水に溶けやすい","比重が1.11","燃焼範囲の下限値が低い","3"

"テレビン油の比重はいくつですか？","0.85","0.86","0.87","0.88","0.89","2"
"テレビン油の引火点はどの温度ですか？","34℃","35℃","36℃","37℃","38℃","2"
"テレビン油の発火点はどの温度ですか？","239℃","240℃","241℃","242℃","243℃","2"
"テレビン油の燃焼範囲の下限値はどれですか？","0.7％","0.8％","0.9％","1.0％","1.1％","2"
"テレビン油の蒸気比重はいくつですか？","4.6","4.7","4.8","4.9","5.0","2"
"テレビン油は水に溶けますか？","溶ける","少量しか溶けない","よく溶ける","溶けない","特別な条件下でのみ溶ける","4"
"テレビン油の使用に関する正しい記述はどれですか？","飲料水の消毒剤として使用される","油脂や樹脂を溶かすために使用される","食品の保存料として使用される","石油ストーブの燃料として使用される","冷却媒体として使用される","2"
"テレビン油を取り扱う際に注意すべき点はどれですか？","水に溶けるため水洗いできる","燃焼範囲の下限値が高いため燃えやすい","水に溶けないため水での洗い流しは困難","特有の臭いがないため漏れに気づきにくい","毒性がある","3"
"テレビン油に関する誤った記述はどれですか？","水に溶けやすい","アルコール類に溶ける","油脂や樹脂を溶かす","蒸気比重が4.7","引火点が35℃","1"

"キシレンの比重はいくつですか？","0.87","0.88","0.89","0.90","0.91","2"
"キシレンの引火点はどの温度ですか？","26℃","27℃","28℃","29℃","30℃","2"
"キシレンの発火点は特定されていますか？","はい、特定されている","いいえ、特定されていない","-", "-", "-", "2"
"キシレンの燃焼範囲の下限値はどれですか？","1.0％","1.1％","1.2％","1.3％","1.4％","2"
"キシレンの蒸気比重はいくつですか？","3.6","3.7","3.8","3.9","4.0","2"
"キシレンは水に溶けますか？","溶ける","少量しか溶けない","よく溶ける","溶けない","特別な条件下でのみ溶ける","4"
"キシレンの使用に関する正しい記述はどれですか？","飲料水の消毒剤として使用される","油脂や樹脂を溶かすために使用される","食品の保存料として使用される","石油ストーブの燃料として使用される","有機溶剤に溶ける","5"
"キシレンを取り扱う際に注意すべき点はどれですか？","水に溶けるため水洗いできる","燃焼範囲の下限値が高いため燃えやすい","水に溶けないため水での洗い流しは困難","特有の臭いがないため漏れに気づきにくい","毒性があるため取扱には特別な注意が必要","5"
"キシレンに関する誤った記述はどれですか？","水に溶けやすい","特有の臭いがある","無色透明の液体","有機溶剤に溶ける","毒性がない","5"

"酢酸の比重はいくつですか？","1.04","1.05","1.06","1.07","1.08","2"
"酢酸の引火点はどの温度ですか？","40℃","41℃","42℃","43℃","44℃","2"
"酢酸の発火点はどの温度ですか？","462℃","463℃","464℃","465℃","466℃","2"
"酢酸の燃焼範囲の下限値はどれですか？","3.9％","4.0％","4.1％","4.2％","4.3％","2"
"酢酸の蒸気比重はいくつですか？","2.0","2.1","2.2","2.3","2.4","2"
"酢酸は水に溶けますか？","溶ける","少量しか溶けない","よく溶ける","溶けない","特別な条件下でのみ溶ける","1"
"酢酸の使用に関する正しい記述はどれですか？","飲料水の消毒剤として使用される","塗料の溶剤として使用される","食品の保存料として使用される","ディーゼルエンジン車の燃料として使用される","石油ストーブの燃料として使用される","3"
"酢酸を取り扱う際に注意すべき点はどれですか？","特有の刺激臭があるため換気を良くする必要がある","比重が１よりも小さいため軽い","水に溶けないため水での洗い流しは困難","燃焼範囲の下限値が高いため燃えにくい","毒性があるため取扱には特別な注意が必要","1"
"酢酸に関する誤った記述はどれですか？","水に溶けやすい","特有の刺激臭がある","無色透明の液体","ジエチルエーテルやエチルアルコールによく溶ける","比重が１よりも小さい","5"

"重油の比重の範囲はどれですか？","0.88〜0.98","0.89〜0.99","0.9〜1.0","1.01〜1.1","1.1〜1.2","3"
"重油の引火点の範囲はどれですか？","50〜140℃","55〜145℃","60〜150℃","65〜155℃","70〜160℃","3"
"重油の発火点の範囲はどれですか？","240〜370℃","245〜375℃","250〜380℃","255〜385℃","260〜390℃","3"
"重油は水に溶けますか？","溶ける","少量しか溶けない","よく溶ける","溶けない","特別な条件下でのみ溶ける","4"
"重油の主な用途は何ですか？","自動車の燃料","飛行機の燃料","船舶の燃料","塗料の溶剤","消毒剤","3"
"重油を取り扱う際に注意すべき点はどれですか？","水に溶けないため、水での洗い流しは効果的ではない","低温では凝固する可能性がある","不純物として含まれる硫黄は燃焼すると有毒ガスを生じる","全ての記述が正しい","4"
"重油の燃焼時の危険性に関する正しい記述はどれですか？","常温では引火しやすい","加熱すると引火しやすくなる","水での消火が可能","低温では引火しやすい","2"
"重油の色に関する正しい記述はどれですか？","常に無色透明である","常に褐色または暗褐色である","色はその成分によって異なる","常に青色をしている","2"

"クレオソート油の比重の範囲はどれですか？","0.95以上","0.98以上","1.0以上","1.02以上","1.05以上","3"
"クレオソート油の引火点は何度ですか？","72℃","74℃","76℃","78℃","80℃","2"
"クレオソート油の発火点は何度ですか？","330℃","332℃","336℃","340℃","342℃","3"
"クレオソート油は水に溶けますか？","溶ける","少量しか溶けない","よく溶ける","溶けない","特別な条件下でのみ溶ける","4"
"クレオソート油の主な用途は何ですか？","木材の防腐剤","自動車の燃料","飛行機の燃料","塗料の溶剤","消毒剤","1"
"クレオソート油を取り扱う際に注意すべき点はどれですか？","水に溶けないため、水での洗い流しは効果的ではない","低温では凝固する可能性がある","ジエチルエーテルやエチルアルコールに溶ける","全ての記述が正しい","4"
"クレオソート油の燃焼時の危険性に関する正しい記述はどれですか？","常温では引火しやすい","加熱すると引火しやすくなる","水での消火が可能","低温では引火しやすい","2"
"クレオソート油の色に関する正しい記述はどれですか？","常に無色透明である","常に黄色または暗褐色である","色はその成分によって異なる","常に青色をしている","2"

"アニリンの比重はどれくらいですか？","0.99","1.00","1.01","1.02","1.03","3"
"アニリンの引火点は何度ですか？","68℃","70℃","72℃","74℃","76℃","2"
"アニリンの発火点は何度ですか？","610℃","612℃","615℃","618℃","620℃","3"
"アニリンは水に溶けますか？","溶ける","少量しか溶けない","よく溶ける","溶けない","特別な条件下でのみ溶ける","4"
"アニリンの主な用途は何ですか？","染料の原料","自動車の燃料","飛行機の燃料","塗料の溶剤","消毒剤","1"
"アニリンを取り扱う際に注意すべき点はどれですか？","引火点が高いため、常温では引火しにくい","有毒な蒸気を発する","ジエチルエーテルやエチルアルコールに溶ける","全ての記述が正しい","4"
"アニリンの蒸気に関する正しい記述はどれですか？","無害である","蒸気比重が水より軽い","蒸気比重が空気より重い","水溶性がある","3"
"アニリンの色に関する正しい記述はどれですか？","常に無色透明である","常に黄色または暗褐色である","透明または淡黄の液体である","常に青色をしている","3"

"ニトロベンゼンの比重はどれくらいですか？","1.18","1.19","1.2","1.21","1.22","3"
"ニトロベンゼンの引火点は何度ですか？","86℃","87℃","88℃","89℃","90℃","3"
"ニトロベンゼンの発火点は何度ですか？","480℃","481℃","482℃","483℃","484℃","3"
"ニトロベンゼンの燃焼範囲の下限はどれくらいですか？","1.6％","1.7％","1.8％","1.9％","2.0％","3"
"ニトロベンゼンは水に溶けますか？","溶ける","少量しか溶けない","よく溶ける","溶けない","特別な条件下でのみ溶ける","4"
"ニトロベンゼンの蒸気比重はいくつですか？","4.1","4.2","4.3","4.4","4.5","3"
"ニトロベンゼンを取り扱う際に最も注意すべき点は何ですか？","比重が大きい","引火点が高い","毒性が強い","全ての記述が正しい","3"
"ニトロベンゼンの色に関する正しい記述はどれですか？","常に無色透明である","常に黄色または暗褐色である","褐色または暗褐色の液体である","常に青色をしている","3"

"グリセリンの比重はどれくらいですか？","1.25","1.26","1.27","1.28","1.3","5"
"グリセリンの引火点は何度ですか？","158℃","159℃","160℃","161℃","162℃","3"
"グリセリンの発火点は何度ですか？","368℃","369℃","370℃","371℃","372℃","3"
"グリセリンの水溶性の有無は？","溶ける","少量しか溶けない","よく溶ける","溶けない","特別な条件下でのみ溶ける","1"
"グリセリンはエチルアルコールに溶けますか？","溶ける","少量しか溶けない","よく溶ける","溶けない","特別な条件下でのみ溶ける","1"
"グリセリンの主な用途として考えられないものはどれですか？","化粧品の保湿剤","食品の甘味料","工業用潤滑剤","燃料","火薬の安定化剤","4"
"グリセリンが化学的に反応しやすい物質はどれですか？","酸","アルカリ","オキシダント","全ての記述が正しい","4"
"グリセリンを安全に取り扱う際に最も注意すべき点は何ですか？","毒性がある","引火性がある","発火点が高い","すべての記述が正しい","3"

"エチレングリコールの比重はどれくらいですか？","1.09","1.1","1.11","1.12","1.13","2"
"エチレングリコールの引火点は何度ですか？","109℃","110℃","111℃","112℃","113℃","3"
"エチレングリコールの発火点は何度ですか？","396℃","397℃","398℃","399℃","400℃","3"
"エチレングリコールの水溶性の有無は？","溶ける","少量しか溶けない","よく溶ける","溶けない","特別な条件下でのみ溶ける","1"
"エチレングリコールの主な用途として考えられないものはどれですか？","不凍液","溶剤","プラスチックの原料","燃料","冷却剤","4"
"エチレングリコールが化学的に反応しやすい物質はどれですか？","酸","アルカリ","オキシダント","全ての記述が正しい","4"
"エチレングリコールを安全に取り扱う際に最も注意すべき点は何ですか？","毒性がある","引火性がある","発火点が高い","すべての記述が正しい","1"

"ギヤー油の比重はどれくらいですか？","0.89","0.9","0.91","0.92","0.93","2"
"ギヤー油の引火点は何度ですか？","218℃","219℃","220℃","221℃","222℃","3"
"ギヤー油の流動点は何度ですか？","-13℃","-12℃","-11℃","-10℃","-9℃","2"
"ギヤー油の水溶性の有無は？","溶ける","少量しか溶けない","よく溶ける","溶けない","特別な条件下でのみ溶ける","4"
"ギヤー油の主な用途は何ですか？","燃料として","洗浄剤として","潤滑油として","冷却剤として","2"
"ギヤー油の粘り気について正しい記述はどれですか？","粘り気がない","粘り気が弱い","粘り気が強い","特別な条件下でのみ粘り気がある","3"
"ギヤー油が水よりも軽い理由は何ですか？","比重が1より小さいから","比重が1より大きいから","比重が1と同じから","比重に関係なく、常に軽い","1"

"シリンダー油の比重はどれくらいですか？","0.94","0.95","0.96","0.97","0.98","2"
"シリンダー油の引火点は何度ですか？","248℃","249℃","250℃","251℃","252℃","3"
"シリンダー油の流動点は何度ですか？","-11℃","-10℃","-9℃","-8℃","-7℃","2"
"シリンダー油の水溶性の有無は？","溶ける","少量しか溶けない","よく溶ける","溶けない","特別な条件下でのみ溶ける","4"
"シリンダー油の主な用途は何ですか？","燃料として","洗浄剤として","潤滑油として","冷却剤として","3"
"シリンダー油の粘り気について正しい記述はどれですか？","粘り気がない","粘り気が弱い","粘り気が強い","特別な条件下でのみ粘り気がある","3"
"シリンダー油が火災時に消火が困難な理由は何ですか？","引火点が低いから","水溶性があるから","引火点が高く粘り気が強いから","常に自己発火するから","3"

"タービン油の比重はどれくらいですか？","0.87","0.88","0.89","0.90","0.91","2"
"タービン油の引火点は何度ですか？","228℃","229℃","230℃","231℃","232℃","3"
"タービン油の流動点は何度ですか？","-13℃","-12℃","-11℃","-10℃","-9℃","2"
"タービン油は水に溶けますか？","溶ける","少量しか溶けない","よく溶ける","溶けない","特別な条件下でのみ溶ける","4"
"タービン油の主な用途は何ですか？","燃料として","洗浄剤として","潤滑油として","冷却剤として","3"
"タービン油の粘り気について正しい記述はどれですか？","粘り気がない","粘り気が弱い","粘り気が強い","特別な条件下でのみ粘り気がある","3"
"タービン油が火災時に消火が困難な理由は何ですか？","引火点が低いから","水溶性があるから","引火点が高く粘り気が強いから","常に自己発火するから","3"

"質問","選択肢1","選択肢2","選択肢3","選択肢4","正解"
"マシン油の比重はいくつですか？","0.85","0.92","1.00","1.10","2"
"マシン油の引火点の温度はどれですか？","180℃","200℃","220℃","240℃","2"
"マシン油の流動点は何℃ですか？","-15℃","-12℃","-10℃","-5℃","3"
"マシン油は水に溶けますか？","はい","いいえ","部分的に溶ける","状況による","2"
"マシン油の消火に適している方法は何ですか？","水消火","泡消火","窒息消火","化学消火","3"
"マシン油の比重は1より大きいですか？","はい","いいえ","比重による","測定不能","2"

"質問","選択肢1","選択肢2","選択肢3","選択肢4","正解"
"モーター油の比重はいくつですか？","0.80","0.82","0.85","0.90","2"
"モーター油の引火点の温度はどれですか？","210℃","230℃","250℃","270℃","2"
"モーター油の流動点は何℃ですか？","-15℃","-12℃","-10℃","-7℃","2"
"モーター油は水に溶けますか？","はい","いいえ","部分的に溶ける","状況による","2"
"モーター油の粘り気についての説明はどれが正しいですか？","粘り気が非常に弱い","粘り気がやや強い","粘り気が非常に強い","粘り気がない","3"
"モーター油は水よりも重いですか？","はい","いいえ","同じくらいである","比重による","2"
"モーター油の消火に適している方法は何ですか？","水消火","泡消火","窒息消火","化学消火","3"

"質問","選択肢1","選択肢2","選択肢3","選択肢4","正解"
"特殊引火物の発火点はどの温度以下ですか？","80℃以下","100℃以下","120℃以下","140℃以下","2"
"特殊引火物の引火点はどの温度以下ですか？","0℃以下","-10℃以下","-20℃以下","-30℃以下","3"
"特殊引火物の沸点はどの温度以下ですか？","30℃以下","40℃以下","50℃以下","60℃以下","2"
"特殊引火物の指定数量は何リットルですか？","30リットル","50リットル","70リットル","100リットル","2"
"特殊引火物の爆発上限値について正しい説明はどれですか？","小さい","大きい","変動が激しい","特に定義されていない","2"
"特殊引火物の燃焼範囲について正しい説明はどれですか？","狭い","広い","非常に限定されている","燃焼範囲は存在しない","2"
"特殊引火物の蒸気比重は空気と比べてどうですか？","軽い","重い","同じ","変動する","2"
"次のうち特殊引火物に該当する物質はどれですか？","塩化ビニール","ジエチルエーテル","塩酸","水酸化ナトリウム","2"
"特殊引火物の下限値について正しい説明はどれですか？","大きい","小さい","変動が激しい","特に定義されていない","2"

"質問","選択肢1","選択肢2","選択肢3","選択肢4","正解"
"第１石油類の引火点は何℃未満ですか？","21℃未満","22℃未満","23℃未満","24℃未満","1"
"第１石油類の非水溶性物質の指定数量は何リットルですか？","100リットル","200リットル","300リットル","400リットル","2"
"第１石油類の水溶性物質の指定数量は何リットルですか？","200リットル","300リットル","400リットル","500リットル","3"
"第１石油類の性質について、正しいものはどれですか？","無色透明で特有の臭いがある","無色透明で無臭","有色で特有の臭いがある","有色で無臭","1"
"第１石油類に該当する非水溶性物質はどれですか？","ガソリン","水","塩化ナトリウム","石油","1"
"第１石油類に該当する水溶性物質はどれですか？","アセトン","水酸化ナトリウム","塩酸","硫酸","1"
"第１石油類の物質は水と比べてどうですか？","重い","軽い","同じ","変動する","2"
"第１石油類の物質の蒸気は空気と比べてどうですか？","軽い","重い","同じ","変動する","2"
"第１石油類の物質の流動性について正しい説明はどれですか？","流動性が小さい","流動性が大きく極めて引火しやすい","粘り気が強い","固形である","2"

"質問","選択肢1","選択肢2","選択肢3","選択肢4","正解"
"アルコール類を構成する炭素の原子の数は最大で何個までですか？","1個","2個","3個","4個","3"
"アルコール類の指定数量は何リットルですか？","100リットル","200リットル","300リットル","400リットル","4"
"アルコール類の引火点は何℃以下ですか？","15℃以下","20℃以下","25℃以下","30℃以下","3"
"アルコール類の特性として正しいものはどれですか？","無色透明で水によく溶ける","有色で水に溶けない","無色透明で水に溶けにくい","有色で水によく溶ける","1"
"アルコール類は水よりもどうですか？","軽い","重い","同じ","変動する","1"
"アルコール類の蒸気比重は空気と比べてどうですか？","軽い","重い","同じ","変動する","2"
"アルコール類に該当する主な物質はどれですか？","メチルアルコール","塩酸","水酸化ナトリウム","塩化ナトリウム","1"
"アルコール類の中で変性アルコールに該当するものはありますか？","あり","なし","分からない","選択不可","1"
"アルコール類の芳香について正しい説明はどれですか？","芳香がない","芳香がある","無臭","特有の臭いがある","2"

"質問","選択肢1","選択肢2","選択肢3","選択肢4","正解"
"第２石油類の引火点は何℃以上何℃未満ですか？","20℃以上60℃未満","21℃以上70℃未満","22℃以上80℃未満","23℃以上90℃未満","2"
"第２石油類の非水溶性物の指定数量は何リットルですか？","500リットル","1000リットル","1500リットル","2000リットル","2"
"第２石油類の水溶性物の指定数量は何リットルですか？","500リットル","1000リットル","1500リットル","2000リットル","4"
"クロロベンゼンや氷さく酸以外の第２石油類の液比重はどうですか？","1よりも大きい","1よりも小さい","1に等しい","測定不能","2"
"第２石油類の蒸気は空気に比べてどうですか？","軽い","重い","同じ","変動する","2"
"第２石油類に該当する非水溶性の主な物質はどれですか？","灯油","水","塩化ナトリウム","グリセリン","1"
"第２石油類に該当する水溶性の主な物質はどれですか？","水酸化ナトリウム","酢酸","酒精","塩化ナトリウム","2"
"第２石油類に該当する物質の液比重について正しい説明はどれですか？","全ての液比重は1よりも大きい","クロロベンゼン、氷さく酸の液比重のみ1よりも大きい","全ての液比重は1よりも小さい","液比重は物質によって異なる","2"
"第２石油類の物質は引火点に関してどのような特徴がありますか？","21℃以上70℃未満","20℃未満","70℃以上","70℃未満で変動","1"

"質問","選択肢1","選択肢2","選択肢3","選択肢4","正解"
"第３石油類の引火点は何℃以上何℃未満ですか？","69℃以上199℃未満","70℃以上200℃未満","71℃以上201℃未満","72℃以上202℃未満","2"
"第３石油類の非水溶性物の指定数量は何リットルですか？","1500リットル","2000リットル","2500リットル","4000リットル","2"
"第３石油類の水溶性物の指定数量は何リットルですか？","2000リットル","3000リットル","4000リットル","5000リットル","3"
"第３石油類の液比重は通常どうですか？","全ての物質が1よりも大きい","全ての物質が1よりも小さい","重油のみが1よりも小さい","液比重は物質によって異なるが、ほとんどが1よりも大きい","3"
"第３石油類の物質の状態は、温度20℃でどうですか？","固形","液状","気体","半固形","2"
"第３石油類に該当する非水溶性の主な物質はどれですか？","重油","水","塩化ナトリウム","酸素","1"
"第３石油類に該当する水溶性の主な物質はどれですか？","エタノール","塩酸","エチレングリコール","水酸化ナトリウム","3"
"第３石油類の物質は引火点に関してどのような特徴がありますか？","70℃以上200℃未満","20℃未満","200℃以上","70℃未満で変動","1"

"質問","選択肢1","選択肢2","選択肢3","選択肢4","正解"
"第４石油類の引火点は何℃以上何℃未満ですか？","199℃以上249℃未満","200℃以上250℃未満","201℃以上251℃未満","202℃以上252℃未満","2"
"第４石油類の指定数量は何リットルですか？","5000リットル","6000リットル","7000リットル","8000リットル","2"
"第４石油類の性質に関して正しいのはどれですか？","引火点が低い","水溶性","比重が1よりも大きいものが多い","比重が1よりも小さいものが多い","4"
"第４石油類に分類される物質の特徴は何ですか？","引火点が200℃以上","引火点が100℃未満","水溶性","引火点が70℃未満","1"
"第４石油類に該当する主な物質はどれですか？","ギヤー油","エタノール","水","酸素","1"

"質問","選択肢1","選択肢2","選択肢3","選択肢4","正解"
"動植物油類の引火点は何℃未満ですか？","250℃未満","300℃未満","350℃未満","400℃未満","1"
"動植物油類の指定数量は何リットルですか？","5000リットル","8000リットル","10000リットル","12000リットル","3"
"動植物油類の性質に関して正しいのはどれですか？","比重が水よりも大きい","自然発火の恐れがない","比重が水よりも小さい","すべての種類が乾性油である","3"
"動植物油類に分類される主な物質のカテゴリーは何ですか？","不乾性油","半合成油","全合成油","鉱物油","1"
"不乾性油に分類される動植物油類はどれですか？","ヤシ油","ナタネ油","アマニ油","鉱物油","1"

"質問","選択肢1","選択肢2","選択肢3","選択肢4","正解"
"第１種消火設備とは何ですか？","屋内、屋外消火栓設備","スプリンクラー設備","水を放射する固定消火設備","大型消火器","1"
"第２種消火設備とは何ですか？","屋内、屋外消火栓設備","スプリンクラー設備","水を放射する固定消火設備","大型消火器","2"
"第３種消火設備に分類されるのはどれですか？","屋内、屋外消火栓設備","スプリンクラー設備","水、水蒸気、ハロゲン化物など消火剤を放射する固定消火設備","大型消火器","3"
"第４種消火設備とは何ですか？","屋内、屋外消火栓設備","スプリンクラー設備","水を放射する固定消火設備","大型消火器","4"
"第５種消火設備とは何ですか？","屋内、屋外消火栓設備","スプリンクラー設備","水を放射する固定消火設備","小型消火器","5"

"質問","選択肢1","選択肢2","選択肢3","正解"
"冷却消火とはどのような方法ですか？","燃焼物を冷却して消火する","酸素の供給を断って消火する","可燃性物質を取り除いて消火する","1"
"窒息消火とはどのような方法ですか？","燃焼物を冷却して消火する","酸素の供給を断って消火する","可燃性物質を取り除いて消火する","2"
"除去消火とはどのような方法ですか？","燃焼物を冷却して消火する","酸素の供給を断って消火する","可燃性物質を取り除いて消火する","3"
"消火の３要素とは何を指しますか？","熱源、可燃性物質、酸素供給体","水、泡、粉末","消火器、ホース、ポンプ","1"
